{"camera_matrix": [[532.9559628922857, 0.0, 322.01837844250156], [0.0, 528.9607685100726, 240.45926765516168], [0.0, 0.0, 1.0]], "distortion": [[0.04086550311034839, 0.1345834863647729, 0.005796513160066551, 0.0004967640332083561, -0.6005281282098881]]}