{"camera_matrix": [[463.4842877204232, 0.0, 307.1260863988889], [0.0, 457.9512198883137, 214.11473946618563], [0.0, 0.0, 1.0]], "distortion": [[0.08229601138967983, -0.2932001228369298, -0.010907751953102104, -0.012309597111228233, 0.20562372296981601]]}