{"distortion": [[0.05317430627781419, -1.3834013055603618, -0.0048690699842863835, 0.004400829992329184, 3.434627301178488]], "camera_matrix": [[628.2940663633528, 0.0, 316.0656662527369], [0.0, 627.618364799967, 231.58621031725153], [0.0, 0.0, 1.0]]}