{"camera_matrix": [[258.44279374290727, 0.0, 211.73702471851223], [0.0, 258.37637674292034, 124.73189262851959], [0.0, 0.0, 1.0]], "distortion": [[0.06414908359414687, -0.1235389962150795, 0.0037271582756791028, 0.004677227312780297, -0.0791582048175226]]}