{"distortion": [[0.08406561927889973, -0.1820739104794114, -0.0014916378990184965, -7.568294068270381e-05, 0.006847719789046846]], "camera_matrix": [[513.9968598587443, 0.0, 312.9144878269727], [0.0, 515.4717581194664, 244.06799700442556], [0.0, 0.0, 1.0]]}