{"camera_matrix": [[257.64544796248464, 0.0, 209.408398407944], [0.0, 258.1095404990428, 119.91831227387262], [0.0, 0.0, 1.0]], "distortion": [[0.07941072961742286, -0.20643561157601545, 6.806679344019089e-05, -0.00048416887625856066, 0.08253834888278783]]}