{"camera_matrix": [[258.8532980803995, 0.0, 158.31402507928644], [0.0, 258.03985405347794, 120.83763989552997], [0.0, 0.0, 1.0]], "distortion": [[0.11340655292777262, -0.09197944422700433, -0.0007862782651832349, 0.005151429986005274, -0.20010880876300094]]}