{"camera_matrix": [[257.6454481615463, 0.0, 209.40839842018568], [0.0, 258.109540697635, 119.91831228720838], [0.0, 0.0, 1.0]], "distortion": [[0.07941072967821333, -0.206435611802256, 6.806679702284765e-05, -0.0004841688761304495, 0.08253834861625135]]}