{"distortion": [[0.15133700449409196, -0.36718434080850604, -0.0011058830208279748, -0.0026164176544893575, 0.216400645789774]], "camera_matrix": [[529.9214608653674, 0.0, 320.5578327184592], [0.0, 528.1890229302558, 237.45082063950858], [0.0, 0.0, 1.0]]}