{"camera_matrix": [[197.40349481540636, 0.0, 153.89711706782396], [0.0, 197.3173815257199, 93.20604350705611], [0.0, 0.0, 1.0]], "distortion": [[0.08120062549329453, -0.22006287260806023, -0.0008554801780368522, -0.0006672650493899385, 0.07611498711732367]]}