{"camera_matrix": [[508.9166810902538, 0.0, 413.76853370719266], [0.0, 509.06989280676214, 247.77363976668312], [0.0, 0.0, 1.0]], "distortion": [[0.09041085674461807, -0.21894550607258953, -0.00012005017720505257, -0.002528653853411856, 0.08375987007636461]]}